rut;nombre;fechaNacimiento;prevision;tramoFonasa;convenioEmpresa
5.555.555-5;Rosa Fuentes Aravena;1986-09-17;FONASA;B;false
6.666.666-6;Luis Cárcamo Vidal;1990-01-05;FONASA;A;false
7.777.777-7;Marta Espinoza Ríos;1978-11-30;FONASA;C;false
8.888.888-8;Jorge Tapia Molina;1969-04-22;FONASA;D;false
9.999.999-9;Ana Bustos Leiva;1995-07-14;ISAPRE;;false
10.101.010-1;Pedro Salas Núñez;1982-02-28;ISAPRE;;true
11.111.111-1;Carmen Rojas Pinto;1975-06-03;PARTICULAR;;true
12.121.212-2;Diego Muñoz Herrera;2001-12-19;PARTICULAR;;false
13.131.313-3;Elena Vargas Soto;1961-09-17;FONASA;B;false
14.141.414-4;Raúl Contreras Díaz;1955-03-08;FONASA;C;true
15.151.515-5;Sofía Miranda Cáceres;1961-09-18;ISAPRE;;false
16.161.616-6;Tomás Reyes Alarcón;2019-05-11;FONASA;A;false
